{
	"name": "hw1f_eur",
	"interpolation": "Martingale",
    "term_structure": 	[
								[0.03,-0.0055615],
								[0.05,-0.0055792],
								[0.07,-0.0055914],
								[0.1,-0.0056007],
								[0.18,-0.0056144],
								[0.26,-0.0056304],
								[0.36,-0.0056504],
								[0.43,-0.005666],
								[0.51,-0.0056826],
								[0.61,-0.0057034],
								[0.68,-0.0057232],
								[0.76,-0.0057418],
								[0.84,-0.0057636],
								[0.93,-0.0057874],
								[1.01,-0.0058134],
								[1.26,-0.0058788],
								[1.51,-0.0059272],
								[1.76,-0.0059627],
								[2.01,-0.0059912],
								[3.02,-0.0060213],
								[4.02,-0.0058914],
								[5.02,-0.0056537],
								[6.02,-0.0053033],
								[7.02,-0.0048894],
								[8.02,-0.0044409],
								[9.02,-0.003968],
								[10.02,-0.0034548],
								[11.02,-0.0029587],
								[12.02,-0.0024908],
								[15.03,-0.0013243],
								[17.02,-0.0008085],
								[20.03,-0.0003826],
								[25.04,-0.0002803],
								[30.03,-0.0004521],
								[40.04,-0.0008944],
								[50.05,-0.0013146]							
							],
    	"thetas": [],
    	"a": [[0.0,0.05],[1.0,0.05]],
    	"sigmas": 	[
						[0.0,0.0059982516996001],
						[0.997260273972603,0.00617543350277601],
						[1.99452054794521,0.0065021220316124],
						[2.9972602739726,0.00653278945919203],
						[3.9972602739726,0.00675024097982453],
						[4.9972602739726,0.00677394168749936],
						[6.0027397260274,0.00709136319874179],
						[7,0.00684417931092152],
						[8,0.00736601079040383]
					],
    	"initial_rate": -0.0055615
}