{
	"name": "hw1f_usd",
    	"term_structure": 	[
								[0.10411,0.0007807],
								[0.1863,0.0007509],
								[0.26575,0.0007311],
								[0.3589,0.0007007],
								[0.43562,0.0006806],
								[0.51233,0.0006497],
								[0.76438,0.0005898],
								[1.01644,0.0005288],
								[1.51233,0.0004174],
								[2.02466,0.0003044],
								[3.02466,0.0003568],
								[4.02466,0.000681],
								[5.02192,0.0013006],
								[7.01918,0.0029924],
								[10.0274,0.0052573],
								[12.02466,0.0063926],
								[15.03288,0.0075463],
								[20.03836,0.0087211],
								[25.0411,0.0091877],
								[30.0411,0.0093839],
								[40.04384,0.0090156],
								[50.04932,0.0082304]			
							],
    	"thetas": [],
    	"a": [[0.0,0.05],[1.0,0.05]],
    	"sigmas": 	[
						[0.0,0.00772538453653918],
						[1.0,0.00743294422574637],
						[2.0,0.00756293983551026],
						[3.0,0.00774839263879782],
						[4.0,0.00797741853130814],
						[5.0,0.00764739083443947],
						[6.0,0.00790072460451548],
						[7.0,0.00797289711542361],
						[8.0,0.00796863442829478]			
					],
    	"initial_rate": 0.0007807
}